,X,Y
0,1.5957038092129603,1.451920595957576
1,0.5538341681626532,1.3289702576640292
2,-0.21938472739605341,2.1684877825646236
3,0.9313766799425403,-2.723223773560599
4,-2.4571805247511525,-5.245108682683824
5,0.6057595503916986,-3.8967189952268146
6,2.284312962639232,0.3415652112767772
7,-1.0473456200187194,-3.5536881488901777
8,1.706318654932652,-1.1844596494035424
9,1.0072905842925275,1.3365913966755547
10,1.325046080905996,0.29496365482742076
11,1.9403130689894574,3.9445512134464487
12,0.7597376542909263,2.9271852009566794
13,1.5890639743851191,1.6477532478383454
14,0.3537539681673383,-2.4626349105660834
15,1.0583085208658798,-0.15833676818321032
16,0.9238763179918145,1.4204362748500716
17,1.4282873398475422,0.359009129745942
18,2.2695089540297273,0.04166097644762856
19,1.1816386597324235,0.14098794967320924
20,1.144858435496946,-0.5075938632628778
21,1.1464676486224235,-1.0017484828200642
22,2.1579128524977076,2.2921579061592094
23,-1.3379218644056081,0.11758406709541758
24,1.2691063213446843,-0.10475341127972299
25,-0.030108647377728115,-0.7947616757270968
26,1.9948545425971176,-0.7969782857962624
27,1.866738091369184,1.5466262147036036
28,1.9701080998956515,1.108362950538502
29,2.4323575546381857,2.2055360606499037
30,1.2364034136464104,-1.0767524038175762
31,1.5765454546250477,0.9399345860066552
32,-0.5878608453396066,-0.809986570394846
33,1.121440839258057,1.6742517178364433
34,0.2789010137200747,-2.090129507895872
35,1.0843956210501164,-4.5494271549101875
36,2.388814705581593,0.06365362588184498
37,0.836032246740585,3.6739528300696307
38,0.9796933870138271,-3.586474814152016
39,0.7925452362741287,-0.3222899993810355
40,-1.6020604493857182,-3.540559482139253
41,0.45528968950022175,-1.8273033538012111
42,-0.8200822505224032,-0.9891965962074993
43,-0.13283665469821382,-0.9001122797751414
44,1.1431927916560347,-0.2192460765645049
45,-0.24850182123072084,0.16314666272145928
46,1.6486238921099698,-0.7893582896888045
47,1.0612825343399004,1.1849726118638735
48,-0.10839558866099797,-1.7640853657145126
49,0.9197170412338881,2.52262912806441
50,0.6763912895797759,-2.0180720821825298
51,-0.7335108732691296,-3.1710651091249558
52,0.21416234608656992,-1.725025556185107
53,-1.4630163616320448,-0.3723771782304297
54,1.3569434922865629,-0.11474250141610987
55,1.591156432411605,-0.7492658412395561
56,0.8884194241380013,-0.056770703689600376
57,2.4915162269240474,4.693843725031491
58,-1.303985111479971,-5.115657252869054
59,0.8798995162203946,-2.200521271038107
60,0.2902688814977411,-2.612597531474268
61,0.5992450349998835,0.9626805919792987
62,0.5745431555685381,1.9479752804061239
63,2.170699162032462,0.10138151227196701
64,1.8504796251132354,0.3921747077560202
65,-0.06402718469579183,1.5172681738870044
66,0.7505950093046617,-1.3027603929194682
67,0.3062737133526974,-1.2013639264313127
68,1.4730731582831988,0.0834504476380587
69,1.2208226039800747,-0.5216339096806705
70,1.962287836077367,2.4270314146027507
71,1.2467076441520906,1.9298362408437761
72,0.6540728450265532,-1.6033569891985904
73,2.320868596968119,2.16732453913671
74,1.0905474525905778,-0.56184401795546
75,2.8812830328293684,0.8126696185126681
76,1.5903376192763197,-0.7383549989260338
77,0.16117864477763078,-1.393119707442119
78,0.7178188067906182,-3.4367134598791904
79,0.6883813935588701,3.808699986329239
80,1.06874210818351,1.5261299836210227
81,-0.029623060214337915,-0.7140172288315458
82,0.8729086882085769,-0.5034502070233664
83,1.259231891265245,1.077126829521763
84,1.0600259846224318,1.6442423446865353
85,3.234385985530885,1.848678018830382
86,1.314578439555726,1.4424311563007062
87,0.40797656050564957,-4.590601346639122
88,0.13085611379615658,-3.469609510631263
89,-1.0739066450438348,-1.3071548029784725
90,1.1556571677916307,-1.0838620221288762
91,1.0051866363592847,-1.6773850792634093
92,0.5919003705079748,-1.431439880805559
93,-0.0910911773466927,-4.402908434279735
94,0.4168242995502105,-3.415453106798539
95,1.8200427628235267,1.53703047401952
96,0.9933657905082646,1.6454172882290194
97,0.7714632440775655,0.4574091854721619
98,-0.38767167516185363,-0.7595279831714499
99,2.6721394170183146,3.3858187372454234
100,0.1515467838911001,-4.1832773708808535
101,-0.5021630438384734,4.432977459019561
102,1.23919286865361,0.014404672535152124
103,1.744394468575276,-0.05326148340560277
104,0.023652693733694496,-3.0071835676387195
105,0.1857404256423636,-0.507447088752135
106,-1.4368099908096221,-6.399222607589554
107,0.2704791822261621,-3.0459484025876162
108,0.2339182723724904,0.7293899629169036
109,-0.11550667465166842,-1.8402031909239316
110,1.114171749281446,-1.3029434359890542
111,-0.5515067951393462,-2.74590173419375
112,0.9651268634131804,5.993539097889562
113,0.6357376212277033,-1.8231056355160347
114,0.8464971430882254,-2.395454614508882
115,1.6323523038849208,2.886335916087137
116,0.2716850935702929,-0.35614545649537693
117,1.8198528058194503,3.685794738530006
118,-0.27066355364025263,-1.1433699960891477
119,0.1790362282818586,-1.4047059940135214
120,0.12097443412887543,-3.907888917579725
121,1.4712064377792404,-0.9474164507774516
122,2.3546832133867204,1.2265752572478008
123,1.1609854302791787,-0.9620685561472526
124,1.7964916443994827,-0.37155551245064955
125,-1.1357560108986662,-2.8453274983075834
126,0.5172280686205339,1.7494847182551223
127,-0.1882141160463604,-2.3926641201996333
128,0.4611599786961268,3.3150381103458404
129,1.4807021149418735,1.3609025613134902
130,1.5088121336959497,-0.3274223150153375
131,2.4237078655493924,2.106356188622534
132,0.598754117480083,-3.2829878849887195
133,0.10389824416443882,1.5740314108494253
134,0.5708004061814475,3.648927943952779
135,2.744234091311387,2.4447027188941814
136,1.339794864491612,0.006996312293239104
137,2.145069705179181,0.4542191733624448
138,1.1542852978176665,-0.5185498806658311
139,0.0035904617393014426,-2.4733488455073904
140,1.5742857348878323,2.8120172957767178
141,-0.03526229930520741,1.97118165874476
142,-0.4246239867622228,-1.0925584316349786
143,0.9975273310327425,-0.47046969960371354
144,2.0041808539215467,2.9524091089488507
145,0.10175085252075744,1.9185796970963995
146,1.4697785009831257,2.3754205085357523
147,2.193922015201203,3.3452146995486913
148,-1.136867359212272,-1.7840721643958952
149,0.9385101225367323,-1.1752788940976155
150,0.28840276681448185,-2.6939110763768483
151,-0.03890982577095792,-1.6805190113328332
152,0.6172684967598846,-3.2760994699435084
153,0.5931648735543271,-2.5035185677263136
154,1.6634598091206225,0.9585555476659566
155,0.6811504401451796,-0.5645800595954498
156,0.7138467596691915,-1.9134973273053413
157,1.8715926384313044,1.3137014874269997
158,1.7162146323287337,0.34077081570927503
159,1.8757507441910866,2.379274866408768
160,0.4295825215430106,-0.0776053004635397
161,1.0820411104301415,-0.7218584799237927
162,-0.6217935435705657,2.400666667464564
163,-1.7957455111001708,-0.23931210416840365
164,1.0546724273593056,-0.8799140790992447
165,-0.3752294574129873,-1.4943853387293495
166,0.752818661167131,-1.85266484714667
167,2.8634905503314894,1.8352583446978104
168,1.8023576066161713,-0.44075992748323745
169,1.9643800851433793,-1.2894296088131707
170,0.12532927893557644,-1.5968485957912508
171,1.7708644064038566,-2.249414775678656
172,2.7590953087016454,5.290616274616445
173,0.44667789803819846,-2.993326371636325
174,1.161894249491909,5.422934714404768
175,1.6750105600353915,-2.3233358873993906
176,1.9125716052234352,0.3487750570228696
177,1.4261933208322626,-3.3714715867348013
178,1.3968693656548508,0.9103647155530598
179,0.6949841282445881,1.470988363046049
180,0.768445165151921,1.0549461791907726
181,0.2073656870085513,1.453593788262154
182,1.6053557495631992,0.9596266398192443
183,1.334191900852254,-1.6507090193511456
184,-0.8376430848052907,-0.6388578829937495
185,1.569801492557589,0.022137209570912364
186,2.3028562607545915,2.9491298379309727
187,0.335349632248241,-0.8056910780913659
188,1.9640632048191997,3.9692271458004145
189,1.5673582281503424,2.5256824339175177
190,-0.2523187950492858,0.03376934097405049
191,0.7091905572224332,2.8199584006929252
192,-0.3773564140840908,-4.073822600631618
193,1.847419895602009,1.8148515613543634
194,2.36025797218553,5.085452037836087
195,0.9267483546627964,0.5656570601033041
196,0.19574663889471622,-0.7218312120197312
197,-0.41764054458654787,-1.0039564094196045
198,0.7430653944152934,-1.1023964470276706
199,0.5794660067616356,3.0444442667718556
200,2.925299336066562,2.645142459067996
201,3.030842318704861,2.367364914163775
202,0.836088420794384,0.5751231908622041
203,3.174800742275032,-0.2796666998623083
204,3.12444099819921,1.5817868862805897
205,-0.2086515443161101,-1.033846672345363
206,-0.9846134500362631,1.3406182411478158
207,-0.29772238539929563,-2.9103018981671127
208,-0.44557162655001625,-3.3696945288712588
209,1.683693904260513,2.791077167500301
210,-0.20476649121574808,0.705789947465387
211,0.7138294555824438,0.664882997474188
212,-1.4905961138125763,-2.6786058794843557
213,1.068370666553548,-0.1681544784309021
214,0.540173200249535,1.0710255364074879
215,0.9346319391520085,-0.26251435773936693
216,1.2606794109569637,2.4253859645386946
217,1.6728332242142425,-2.1472117695330937
218,1.6956242125002303,3.4961652910232854
219,1.4099389004549303,-5.021107185085476
220,1.656046989889358,0.3449807803045658
221,0.6997081194500119,-0.7763349647754318
222,0.4330883891593881,0.44055744892387516
223,0.5434232182763326,2.93172673807923
224,1.7632813808684134,0.4385136220534933
225,-0.2765487457184852,-2.2458376687228236
226,1.532935739508812,1.293369532079101
227,-0.086161133605696,-0.10230369274584039
228,0.7690594367035057,-2.7568597359021685
229,-0.07051710941355127,2.7229267867241695
230,0.01788165679502962,-2.2565701412920642
231,1.5133298896313567,0.7600380332804332
232,1.1801049350471011,-2.6222399091174227
233,0.4828298567809344,-3.011430283910515
234,0.6224058383187866,2.5530736291156866
235,2.145245430542394,-0.30075525172014506
236,1.041545051069212,-0.9285227452856644
237,1.964674116526836,-0.05555836092460331
238,1.4004600071358864,0.06750352213273786
239,0.8416721584341913,-3.2068774044773383
240,1.782708200383928,3.3720394031515863
241,-0.47815149678069235,0.8052498576562181
242,2.7735678064558345,2.9036862812602333
243,-0.1708018921508878,-0.27953978492768505
244,-0.7291763143735006,-1.0020022899142473
245,1.2134187663833442,-4.823425022132006
246,-0.16666360295035765,-4.15164517341938
247,1.0760656648850828,-0.06799552535078562
248,-1.6224788256565383,-1.3343196118483236
249,2.400103007483046,3.147436151760935
250,-0.7364309431226119,-2.2951187355044107
251,0.30981347573558526,-0.09643697835078235
252,1.0907638651153462,-2.164284863196835
253,-0.27193330726175735,0.35549144359272344
254,0.673597884533889,3.008779532453353
255,-1.0807146129796918,-0.8688484508816083
256,0.4103535766973212,0.4027713963903594
257,0.6787802932688793,-4.846759961937732
258,-0.17781971157744403,-2.786756485204955
259,-0.2099911552180631,-0.7995316846271272
260,3.946976626846303,4.63121168059515
261,1.5967709023618026,1.9884584454629497
262,0.7432693481073336,-1.151603712091664
263,0.8722269941127911,0.005338054172832757
264,0.6655983397867486,1.945474764179512
265,-0.9077756169400482,-1.063924572452432
266,0.47975795687706835,-1.3571491307804404
267,-0.4549311145333561,-0.9512620897051778
268,0.3123878425653124,-2.0018425240837727
269,2.269169969040939,-0.43831442988146296
270,0.14522799328608316,-1.8144989683878499
271,0.7357093975469462,1.95145463393131
272,0.8877663322944026,1.5878352400585212
273,-1.148673694984188,-1.6036631670107226
274,0.3459059638231331,-1.509483280408236
275,2.473223939333961,5.514462761057245
276,2.7180704343622457,1.9732352635272445
277,1.3149736770227674,-0.777643522890985
278,1.8057637113474914,0.09249033281747254
279,1.7601993242392318,0.44558821760223766
280,0.44362736821470317,-4.074143415852724
281,-0.24386172538602313,1.3612543924557015
282,-0.13748991467519156,-1.2505869954271611
283,0.8318263687577805,-1.1896131994752521
284,2.6610054352384083,-1.6553557709136646
285,1.626368319538778,2.912608466162125
286,2.350794315820025,1.0139245915150694
287,1.669464435001303,2.84901645351553
288,0.6407262053230073,-2.3750458920963133
289,2.3403032032947175,1.8571497115727222
290,2.2354845164799926,3.338777731618446
291,0.8883770322487494,-0.6311883534989939
292,0.08042030339926809,-0.7780653360779208
293,1.404750255295273,-0.9269111897251752
294,0.7663788037173327,-0.9972377765930294
295,-0.5245182908124473,-0.7458441545569744
296,1.590460877115983,1.024693121532741
297,0.6777070452549516,-3.3157805157730382
298,1.4130199026486845,0.5752422354184576
299,1.4233590404616265,2.5107544718193138
300,2.3446778325623274,-3.047046210955008
301,-0.5352926431109186,-3.8418564100628085
302,2.966855647372526,6.44405910210523
303,0.49561389877508766,0.7942861473552111
304,0.05361240589864713,2.128967113482431
305,2.0703679716847265,2.776139304955306
306,0.2309570857506419,-0.08482754949972748
307,0.5514788244207127,-1.5399610559108188
308,-0.1292738440783474,-2.529290570999687
309,1.3516335030874473,-0.4978400483864428
310,-1.0407637979551638,-1.0250999733368829
311,1.1169752221788154,-2.1349341651214213
312,1.0637040684759358,-0.05138355517805003
313,1.4575635555879343,-0.9411032304454683
314,0.5668956480530449,-3.1080687776642275
315,1.2637022377771874,-1.8899342992934336
316,1.5602224993601648,-0.6035717524015234
317,-0.007623796145993511,1.5616422903449345
318,0.5237571654904574,-0.1391985736455995
319,-0.35249363484969254,-1.24215809356006
320,0.5136372421855386,-3.126774214273671
321,1.1667553302029028,-3.3344627425743454
322,0.04807881410437853,1.164489054181416
323,0.9777146522344143,0.7685119708800765
324,1.6160097654164016,-0.9887359996798559
325,0.45428952232134867,0.9074777072389332
326,-0.3866854575612435,-2.5982976040476613
327,-0.04130342181571378,-1.3957956029518352
328,-0.09285375988688616,1.5851532439696667
329,1.707544659037116,0.7809350701139326
330,0.18107012335657668,-2.683750264789492
331,0.45361245376009107,-2.3381507704183493
332,-0.007173974201881261,0.5019937122659544
333,1.873771449153081,-0.44424573962306924
334,0.22910695392973612,3.5266136031324216
335,1.7332437589373382,1.3849018729713833
336,-0.536949633320783,-0.537656484369546
337,0.9879832959256,-5.259686937510745
338,0.8101497938237747,-2.1262881565150007
339,1.2079615342861603,-3.3959320634306973
340,1.1619125537027086,-2.2338679956379908
341,1.7440624778700609,-0.49829579626702825
342,1.1770344802352197,-1.3541108335280714
343,0.34822141593086653,-2.0103912648656532
344,-0.5932833764047041,0.35088232601186053
345,1.2956865696033069,-1.1388224536984843
346,1.4969882037090885,1.6513310597783148
347,0.8938158074994271,-0.31125973163840587
348,0.7327582326307391,-0.48127785903081827
349,1.4455102941102556,-2.8075635642144183
350,2.4527616130928167,2.283821921792601
351,0.7643846479988569,0.29246341688729227
352,1.4381848498200154,1.7505133592209356
353,0.09522859852392807,-1.2955148865622856
354,0.2521933521994719,-2.225484645562573
355,0.6897976398081741,-1.3842292425882428
356,1.7025221091603133,2.0278380418607824
357,2.010154705727723,0.9334947272458105
358,1.548592776200758,-1.5582215315928973
359,1.7806310265656737,0.20336761108974888
360,2.1087330380393867,-1.0357215423572823
361,1.4970854808202843,0.7221420106242797
362,0.6190553310512126,-1.542920967184837
363,0.6327095133429561,1.5315325907908135
364,0.9205438665430296,-2.461096708418269
365,2.8155194774121863,4.25394644305562
366,0.8048801375427229,0.575483669360883
367,1.2446664695598595,-1.964751149782292
368,3.070154003993278,4.661276729864018
369,0.0265275007459701,-1.0555646826155753
370,0.7692194512041386,-4.363936370802793
371,1.1957443958078846,-1.9688510313206318
372,0.7445108651926711,5.078121661271023
373,-1.2054649948488434,1.1968737814848667
374,0.024759661247720444,-3.8003272413869054
375,1.1838097420813243,2.1327284771770154
376,-2.415191601750006,-1.837513591978674
377,0.3968454773432274,-1.627695412563393
378,1.2967833706676923,1.71646206892132
379,0.2900619191447791,-1.5791713303266257
380,-0.7517941260928802,-1.37783386685773
381,0.7272868948426889,0.20932066810448013
382,0.7915670192712658,3.3212383317762013
383,2.6939337098363865,0.1356473797888047
384,-0.8741959482568282,-2.9049027362368394
385,1.8336666003775448,1.5755437459924604
386,-0.04828463533999616,-2.194840662259229
387,1.6750098896711798,-1.039601448351864
388,0.9382700002923338,0.8255235507089916
389,0.7289772548830548,2.9720449633224137
390,-1.258349915526574,-4.047238633075782
391,2.2615411100482774,0.5325710671773115
392,0.33596916078145045,-0.7599412908694851
393,-0.02149635530419447,1.992554340702521
394,1.178449430224962,2.4535848196074848
395,2.6240228980792546,4.029566888536117
396,2.9327591367121,1.3746977424316573
397,0.5749814335180652,-0.7701785824141603
398,0.9238783259929538,0.8533831676327756
399,2.6137125826372594,0.6019602665236832
400,-0.38394227843503703,-0.622617949965706
401,0.9331143113667874,-1.1184801920029925
402,0.8480372184395261,0.3332485761439042
403,-0.5713066683803889,-2.268807489320053
404,1.6472543008076408,2.608292471255453
405,1.0732089947774617,0.07216433120093435
406,0.8226088983650872,-0.8291698231185407
407,1.6293801676179325,-3.5933502663439425
408,0.11599122339966028,1.1792586707588346
409,3.1266657621656155,4.858627478288961
410,-0.6163900880524757,0.47061299148416347
411,0.37255206974586585,1.031325942752602
412,2.7101673691059975,1.4545418696190549
413,1.1735779591314668,6.598727303436414
414,-0.6463390136248994,-2.5077928857287684
415,2.054087920203755,3.232070211764148
416,-0.8266518332771156,-2.145603927484789
417,2.15099002258832,2.25757578943428
418,1.0203645473557355,0.5018762274031203
419,2.8541670215463375,4.641777805173282
420,-0.4134994786493553,0.1625830728255595
421,1.0954740194818224,1.936471924609499
422,-0.6155089885568037,0.04561528636384571
423,-0.11801459389191948,2.182404427483525
424,0.8131801399921211,-2.2514862708235155
425,1.5084608703272442,-1.792859398999344
426,1.0540489703066431,-1.2172330795615631
427,-0.6228758885929615,-1.280947191362936
428,-0.5698596989035924,1.5413040592471736
429,2.6306885652918512,3.0909250597260787
430,0.9678157312682061,0.28671122336766947
431,0.456730828976461,-2.902195127502741
432,0.594552982944726,0.3769926392461066
433,-0.06781261182694376,-0.21562112821812396
434,1.6325822153461198,1.676567330790244
435,1.7294116170207794,0.5038050904394684
436,-1.8496716266552506,-3.0824795239553446
437,0.8174802413851672,4.092165178963146
438,0.27919035147783267,-4.295485760113932
439,0.8957434932473031,-0.07144455454080433
440,1.2592249896202725,-0.312431017754324
441,0.7104406358886074,-2.552593099848374
442,2.787767950736078,2.8304702643659816
443,0.9478632805603782,-0.9864620636826936
444,0.7471447014009706,-3.1691749149782056
445,2.0284173359134776,2.5088173891147285
446,0.5229454555325365,-0.9982104518126155
447,0.5788868909762247,-0.1421494660096418
448,-0.4899215412320066,-2.013587318421288
449,-0.629191014611721,-3.1994038985872715
450,1.7656662270287626,2.642599686953197
451,2.021733515438995,0.9354654999081305
452,-0.7441782546487181,-3.7374057393827034
453,0.763412935778042,-3.954763756497785
454,0.5832482452053003,-0.19224042705788733
455,2.0748884854627336,0.7972569930116481
456,2.55595665780006,0.9805619921198702
457,0.35555857020739445,-2.909696416056862
458,1.6402254517852939,-2.1914322710246195
459,1.3644308825616875,-1.2532937466132719
460,1.6271604098812196,2.705447681201695
461,-0.5091737384734372,-0.5574760183904309
462,-0.618727892449292,-0.5440696199248458
463,0.8661176040917508,1.6868006616424167
464,0.6773492360310724,1.067505865668057
465,1.5778655844631415,5.130660031129539
466,2.170637045080918,2.212712930825334
467,1.5234240031683923,0.3230328087226806
468,0.21858969953248097,-0.3502013257776105
469,2.219822999356553,2.244411118979497
470,2.3484681222284243,1.9234660822407688
471,-0.3686118651669814,-2.4473614565433044
472,2.4633974838472095,4.1342782992115765
473,1.6936951723876092,-1.0248704050826223
474,0.27256352900082803,-4.603545956933414
475,1.3781297790846434,-0.30411728132940086
476,0.5308041777478478,-0.9950983242269831
477,0.7415840529959055,-0.0704479334128924
478,2.0428283396050473,-1.0879988598451678
479,-0.15134595914188287,0.09550697835083777
480,0.9969839587828974,-1.0101644989998246
481,1.7082161404484952,-4.674339426643497
482,-0.2507109456127612,1.242345491377884
483,1.822644642901913,-2.752527088344803
484,0.6815623811516556,-0.15495121000376272
485,-1.1141399302739163,-5.0105711122456995
486,1.6525095285026983,-0.8499807031638495
487,0.5286778740642859,-3.6130625075219127
488,-0.9515986700625672,-6.948645532343308
489,1.5842970505305796,-2.6741519190283993
490,1.360645811066766,2.54753602870173
491,0.16481023324759225,2.4626052976154185
492,-0.20365913946301206,0.07163418820582534
493,1.0171527405577765,1.2317807712310695
494,1.7919390280054603,-1.3081195032285957
495,0.7245845336181957,-0.6571864385060691
496,1.1108428805793507,-0.23002090071003056
497,0.4956344434998118,1.0758484013031357
498,1.0291879391490872,-0.1281305761682792
499,2.155241913852238,2.4581607550178743
500,0.9198392531355251,1.366853192372043
501,0.6144007716510568,-0.5155372200884218
502,1.4312507863807762,-0.6714183960525246
503,-0.7033857022014824,-2.002693683417385
504,0.9242785628973464,-1.692081466750049
505,0.424381751552935,-1.8036068950958115
506,1.6269445814138166,1.7151719719942182
507,1.0176331089139148,-0.3275359188454221
508,2.264866495994446,1.4648130351492377
509,2.1784759626835397,-1.2486640321204083
510,1.3671327324603908,0.3486496247508188
511,2.8190071218974104,2.6917811424884315
512,0.8239753644018784,-2.0865288458356384
513,0.41584017885622293,-0.2513217747857511
514,-1.1896414059482674,0.5285600747852102
515,1.2318779212576159,0.6291001509284895
516,1.7977610969920654,2.750696655778647
517,-0.23602756981989348,-6.658603019107044
518,2.508976236018749,0.637887149306046
519,0.7582717503632559,-0.517952184841126
520,0.42574737657118833,0.8146238380375104
521,0.06392075818350684,-0.47239518543475384
522,-0.08457521569836457,-1.4150940558787792
523,1.8756150399847262,1.1363772049956848
524,-0.2945098212133588,-1.273796502852602
525,-0.027879539432424716,2.792321495834776
526,1.5004720451831264,-0.7506190414894616
527,0.12321643162141793,0.9320087720365395
528,1.7449177537924654,0.5351490817209339
529,0.2209449608981282,-0.8156903470731585
530,2.4462770394603455,3.1230773121891042
531,0.05945490319015467,-1.712000342768266
532,0.9759922065449859,-1.576084670628009
533,0.6266875052509078,-0.4637301354327471
534,3.1205850200179515,-0.18162433414974055
535,0.36787219475193034,-0.26543823931924077
536,1.0209426343458046,4.057988962870036
537,1.694540869588458,1.7835481508077287
538,-0.25679976677011784,-4.8009941146019415
539,-0.7124446552489456,1.0666103703796435
540,0.17435982507092718,-2.6289676218809683
541,0.8334966804113637,-0.7983558189691814
542,1.6691390263588466,-3.005636241748828
543,1.2332083027723881,-0.7518521978338577
544,1.622503089038429,-2.7154121755682623
545,2.082761879657504,3.827183877031553
546,2.443730748845943,2.4842165491501422
547,2.5083772173128813,0.11487962489272507
548,1.0909218744934492,-1.1392331798114008
549,1.8897972196163089,1.299447961783379
550,0.6298065145545974,-0.4760284985441793
551,1.9379863129477193,2.669254595806616
552,0.17206087165433237,-0.06638486814853728
553,2.074106638855807,-0.951140295487674
554,0.8353490976120225,-1.879113837316389
555,0.7821515690321952,-1.8964723733681952
556,1.6186215573589502,-1.0073226249231844
557,1.7439178499150474,-0.15747991312791398
558,0.7686388063446516,-1.4741932346419826
559,0.6671905671413962,2.2929768248670723
560,-1.4793203589956447,-1.6593085803429277
561,3.1738499733424703,3.522726916258361
562,0.8169373147503057,3.6899869327830435
563,-0.20667161139811285,-0.6494136666420683
564,1.3166383044972947,2.228886922847216
565,3.426269689837849,1.8665967322078352
566,0.28432206249598746,-4.146740022067076
567,1.4234639087124437,3.318015297659194
568,1.2908094302307604,1.4140882963395567
569,0.45207326330746067,-4.019655677795958
570,1.9056767666673364,2.3028764076574593
571,2.2353691490926217,0.7435858509996585
572,1.1677577031610524,1.0939148155174578
573,1.5892127684586996,1.162793942100698
574,-0.838271346071966,-3.0249474601310182
575,3.427241903552127,2.7802981212834563
576,1.7685304975582596,-0.8197249827776427
577,-0.18279101718740587,-0.0952228452833217
578,2.6170033486721893,4.205056732392208
579,-0.5321964277585094,0.3683559978243376
580,0.45780101952198893,0.578945499943298
581,0.6017334084248728,0.27969851522919775
582,1.5651714355876378,3.801791291933657
583,-0.08280050189780108,-1.0402794139618188
584,1.1810737574691494,2.2986146178262556
585,1.1549857529116085,-0.8378657925477115
586,-0.2617451760717484,-2.4055567190507032
587,1.0101173935246892,1.2011622399640882
588,1.2871789556133069,1.9967128658545275
589,1.4704263536572424,2.982939456292073
590,1.6941276643712697,3.9174508946678266
591,1.1633465156980243,-0.4030130508002152
592,-0.5240018983473096,-4.752807723101077
593,1.7462337623483628,-2.688001751230257
594,1.4087013497575813,1.1469526434015485
595,-0.15113662074818768,-2.950125739118004
596,1.2013265807035278,-0.7762596694539092
597,1.635054870634867,1.9997900987273114
598,1.2243327082277222,2.4187910782145328
599,-0.5636544627205862,-2.6298046361779885
600,-0.2138468145141681,-3.1157790167473944
601,2.892540497433858,4.036376127784424
602,0.8865025444650367,-0.13800549585347324
603,1.633102021891462,0.30771271578700854
604,0.5713714880278294,3.2735334624465637
605,-0.5831840274459315,0.020292470814342378
606,1.4989772745275411,2.658771380675926
607,0.6379003183645684,1.450300101353836
608,1.7700520961937383,3.0798254332401243
609,2.7267383245459804,2.2282385367968476
610,1.0831283825017977,-0.8334778664071932
611,0.9583750000927518,-1.6271935297208435
612,-0.6867918076890787,-2.249738560640661
613,1.8841298019790558,0.6721303047297389
614,0.7572632126974577,-0.9158310746882378
615,1.7965385160622183,-0.6191580297835377
616,1.5400284635742052,0.723247424623463
617,-0.6303728216667623,0.8043609676059715
618,-0.2053365100627247,-3.3443629997253748
619,0.4041712680841174,-2.5283193760441027
620,0.6927070368608225,3.5508745344297994
621,1.3841165828648985,1.4712355188749946
622,-0.039778726241743056,-2.1782542989972713
623,1.1950388242995413,0.9748181516149858
624,-0.4315360180632173,-6.129079877102782
625,0.6588384519266349,-3.678444861936603
626,3.171290883204418,0.20638958127999962
627,0.8371274338789136,-0.347095517551377
628,0.44225869345691204,-3.6155419781866245
629,0.9698239567876321,-1.2273860891874024
630,0.435320015626099,0.777780152149133
631,1.7828474888142811,-0.9390561124914012
632,2.059538863968043,2.5471796818261003
633,1.9480560182152757,2.5245239668721142
634,0.01374257671639656,-2.216853883471165
635,0.8030819005305847,-1.1207155094914292
636,1.3369694965244294,1.613507391383573
637,0.7982643458748238,-2.1128079568132407
638,2.4124679654801984,-0.11847618614456223
639,1.079176652804007,2.9578095750659363
640,1.986033481568745,0.2973973730287758
641,0.9050683405253646,0.6934677215562098
642,1.1704862874638535,0.3679239669310017
643,1.435521903501759,-0.08986236195272623
644,-0.5721964254352121,0.9472388430835033
645,1.451518138675332,0.6730989820226032
646,0.9096299486266635,-0.7422286542070895
647,1.4739887295752032,1.9435600585083617
648,1.6184634374340434,-0.13272722670518355
649,1.2619620901200548,1.4858783845433994
650,1.6953484724145216,-1.6904867752106367
651,0.9878421180227985,-1.8636121905895868
652,0.15567691979694243,-1.0961469071985779
653,0.38080147092083017,-0.01481964778311129
654,1.337800883178159,1.419275272661349
655,0.4886538566393104,1.6113482043409908
656,0.649768927745134,3.222350982219607
657,0.42605556784816034,4.29152836831064
658,-1.1129250811752134,-0.9380535124486811
659,1.635403564392484,-2.5445372259821424
660,-1.021329592620615,-3.6713062956900453
661,1.0335177119530532,1.01835598614589
662,1.2532357070956979,-0.04990988436080812
663,1.040323617576572,0.4118626110162519
664,4.280184122656843,1.978517613131983
665,0.20495534169191,0.5187531819931549
666,3.051999384224959,1.281485428842148
667,0.34671713836715967,4.265246437906024
668,2.417764024679973,2.5260443306502305
669,-0.9490761310564124,-2.1401732139595993
670,1.402853434747982,0.5800237259440961
671,2.946960721405297,4.333235143212167
672,0.9284382296217565,3.926525557047461
673,0.5203743404197974,-0.6641314865580353
674,2.906790158836393,3.0513800935452187
675,0.7559218316243774,2.698293806955757
676,0.9068436518082574,-4.689579517653987
677,-0.7000884265523966,-4.868723460373582
678,-0.4861502610011472,-1.1871935951056056
679,1.456455520877157,2.3648099601922716
680,0.3126550868667999,-2.679800686396404
681,-0.28129818291367314,-4.490025883350311
682,0.7473803444591318,-0.24443767847076142
683,1.3276346479917678,0.6784510676647033
684,2.7655496232004007,1.7998375320238709
685,-1.1766695032836174,-4.344084866706572
686,0.5500779334084448,-0.8523616799637614
687,0.6642228954905434,-0.3658777324199135
688,1.327447821914752,-0.019737220292372737
689,0.8641609208860459,-4.073551537316336
690,0.6984041687088196,0.5828492359479198
691,-0.10164443076580576,-3.4762932331141423
692,0.9020706879104768,3.060758916447138
693,-0.11230324252229251,-3.3288822908858
694,0.29898509150890884,1.3703161673608468
695,2.143933145391037,-0.11710343278518875
696,-0.30415385973292586,-1.8405279060265944
697,-0.06377783543099325,0.3554185431417123
698,-0.716317171365451,-2.438880147345247
699,1.6379474202618636,-1.1665614002320974
700,-0.18583167397223344,-0.9829717546839554
701,1.65752836443917,4.141174154007677
702,0.19082093503981168,-2.3162717734368727
703,0.978326180670564,-2.0089499231755745
704,0.38241056450003774,-0.9379385475149984
705,1.2900071534736264,-1.3564474130776212
706,1.0686774098566112,-0.9222033984569202
707,1.3122361922499781,-0.3840501676907525
708,1.0454668091768813,0.8540352355342269
709,-0.8229685435324863,1.8896734382142386
710,1.060383602523828,0.32947186940142775
711,-0.27737079064666603,0.8581531836572396
712,2.3212290644775697,0.8768548573846758
713,1.8140300533423575,4.935542818413749
714,1.3546393610116558,-2.9575830184297875
715,-0.3617664717194897,-1.4512557556125796
716,1.045393460787435,-0.2789877752738881
717,0.6637024777690808,-0.5537681657697271
718,0.1767749600112254,-0.18851758531013418
719,0.27410856536537753,-1.91194118768325
720,0.5196108958640138,-0.6605643498125325
721,0.9272389217246814,0.8290802909257003
722,2.4126271913256425,1.3929374022333194
723,0.5100234959408834,-1.6225693881458039
724,2.1563599148102757,1.9534715791629047
725,1.9630322994511618,2.3785640052997885
726,0.5036070466837257,-3.948544747221473
727,2.293608127384988,0.3917960412363186
728,0.658722977315022,-0.36231499190792255
729,-0.7429107952445662,-0.14206606648267273
730,0.36262355564534554,-4.678037225377639
731,1.0648985981182408,-0.9217253774410068
732,0.4716980470061224,-3.256897417478624
733,-0.1734281764996155,-1.4945108319367637
734,0.3582376718955226,-2.353797519591144
735,0.1727290801138912,-1.802600969485455
736,1.0389854102688296,-1.0008483245830029
737,-0.41870805121782584,0.05707108186838172
738,-0.03269150489960526,-3.0277172597896636
739,1.012756442489501,-2.1735291636806395
740,1.8759563057267874,0.5590211066475486
741,1.2613675794714538,2.134767502418984
742,1.182039107272525,1.1959314051099572
743,1.2576029712958725,0.029225717951975677
744,-1.0900741361616846,-0.23103546994168167
745,0.5795266911218688,0.1508382877664628
746,2.234979528564881,4.682990707491536
747,2.5887406536995954,3.2287840709646227
748,1.422863978845495,-0.0004915480151803098
749,1.2285930818221105,1.3207279078582868
750,1.4177701247748784,1.8332983047604474
751,-0.11673356906211141,-1.39729622014607
752,0.6407091766753308,-0.4803862726503048
753,0.8549825341825984,1.8557997688177723
754,1.6867440668043612,-1.0982486865165288
755,2.1499241003710763,1.7009223030584226
756,1.1990357708122628,-2.189403675782636
757,0.7375363897371543,-0.43742614408309655
758,0.017826922134674184,-2.5667369302416985
759,1.9258041843168008,-2.1312926187677497
760,0.6676564137763934,-1.7160086777846713
761,0.6069050805951293,-3.1629862960250534
762,0.7331039441829363,3.335744945609796
763,1.710644445697577,1.112757756890728
764,1.3713522927741095,2.4922886146637078
765,0.9570073666551583,-0.5001123161641106
766,0.42260129881893727,-0.1847493373901637
767,1.126595635343308,0.6676972064954626
768,1.908271295586949,1.9397583131454106
769,1.2953753133176649,-0.2739405414972572
770,1.6624435275008886,-2.6653474132217116
771,2.088365524895814,3.243647404844502
772,0.37842256987609435,-4.050881468409987
773,1.2558016766517976,-0.7957976734648238
774,2.1677261036545206,1.6226404482279777
775,1.3252009503605104,0.543112991980988
776,0.5010813190963346,2.9773349780428155
777,-0.7575225704200088,-0.6063819569568256
778,-0.38094763085600514,-0.6635304258792684
779,1.2517413000530186,1.2031027158292071
780,-0.05842273155074551,0.5210790813404815
781,0.4488628450249402,-0.6249302321392902
782,1.3956936205139205,0.3621087098159339
783,-1.3176823426524473,-1.3878744118167408
784,0.3860673683905026,-2.336251890934448
785,1.455322209171807,2.6023450157794166
786,2.8254038014459053,2.234478464682452
787,0.6573944076197464,-0.6542526292127255
788,1.2111491596993333,-1.3861460627817308
789,0.9108072729444835,1.476129056925613
790,1.910886163443737,2.703569738484928
791,1.3942840678327526,0.7290199313312054
792,-0.01312555039143759,-1.1699363826424207
793,1.9609954699253809,-1.0909647662392281
794,0.23260146446293928,-1.64325932960733
795,0.8209830903156927,-1.8803952224607234
796,1.562015730209316,0.5475570517057053
797,-0.0008275596634239601,-2.242865494024077
798,0.4738373654825184,-1.0970732778694878
799,2.377639621732021,2.821967559363273
800,1.3152533238379327,2.1232831443168267
801,0.5734240770598233,2.697387266131053
802,-0.46957184334581137,1.548817834664278
803,1.196027467997093,-2.6171026881322565
804,0.6000032506281283,-2.638674152946792
805,1.2555067389558938,1.9662217791790257
806,1.001617538583777,1.7204503853670243
807,0.5295752609519953,1.54885903352616
808,-0.8446887647066641,-1.2174615946798544
809,-0.5451633351755065,-0.7142394311890281
810,1.1868935145994493,-1.7133366793926887
811,1.2697813780376683,2.526649310519129
812,-0.4987096307589358,-3.3890529190345484
813,2.6606802143081647,-0.7862821588878468
814,0.968068636918582,1.0920962233669624
815,1.350562599203864,1.301465747037764
816,1.5307247326950753,-1.3904156720001524
817,1.1279249625836787,0.724676197500724
818,2.237528387356945,1.2426353755087138
819,0.43881082361880885,-1.3123445377372494
820,0.3624160891748497,0.3428267716984812
821,0.9693825738461522,-1.5533313698883897
822,0.39590286237772754,0.47437265369660875
823,-1.6301955260528849,-3.7673369670988084
824,-0.07786807011746966,1.2737440210283335
825,1.3849344172005864,0.5020279669046699
826,1.0535280632510238,4.039011622881271
827,-0.815824258808229,-4.379224220986827
828,1.108086523622853,0.6472513173711709
829,2.3129863296357778,3.5757562303579706
830,-1.3241070645557835,-4.079378461473556
831,0.9811140006058725,5.630582667485708
832,0.9269749348033528,1.5892118604934744
833,1.639487347056503,1.7391807140939946
834,0.7948927107035793,-1.8521703774863356
835,-0.21069552864533692,-0.8422362377332633
836,2.3814718187958563,2.770941238896012
837,2.765193522236391,1.922226903277241
838,2.3173842882673354,2.6183898931377074
839,-1.079560155085415,-0.2504315586192507
840,1.3961100055840345,-1.3154443616111773
841,2.1953947355764583,0.5227997444899822
842,0.08612942912761834,-2.355156313198164
843,-0.03812897658417347,0.6499938642662051
844,0.949905369254965,1.0624142813742343
845,-0.8011501502691922,-1.8780074635355408
846,-0.0189442222994316,0.20140484789118163
847,0.9785252247678105,0.4823359245290062
848,-0.04013454792764781,-3.598633795779937
849,0.2670137829853163,-0.45266763187208375
850,-0.1707028574967946,1.2857399809679466
851,0.18046142195345327,1.6719252223320291
852,3.271774491704489,3.1477890014100427
853,2.8240085319008505,3.8965202936278085
854,0.6624367863667584,1.5670668208117982
855,0.6964999938006555,-0.45008248902878656
856,0.01897524150313412,-2.3697773065761947
857,1.400906391673405,-2.9391547085433
858,1.2239196410045265,-0.3082936704003705
859,2.177252276425558,1.2112872381325737
860,-0.23133786619941432,-3.6830671362665153
861,0.27147978812988327,-1.306838052735639
862,0.5414341110751469,-2.3590517097166344
863,1.4315618949965732,-1.077693726304059
864,1.8429111910754719,-0.6352837428903191
865,0.03624104764185698,-1.7408894736579343
866,0.6957832065755496,2.387176296352212
867,1.690054126075414,1.7649049680346982
868,1.706887766354762,-1.0154584304484513
869,4.849144959996243,0.19307982255138123
870,1.3443779398967863,-0.6632161417696458
871,-0.7021262052440194,-4.476724714419467
872,0.775605158656479,2.893176146938278
873,2.415863812531251,-1.0745432653197673
874,3.373887647755883,2.8695259072193586
875,0.8264858016019461,0.5054287916173071
876,1.7492404188297455,2.723113250486776
877,0.7984215578047797,2.2789512117354143
878,0.943261480042679,-1.8821861438538896
879,0.20266863478948804,-1.2232456947932464
880,-0.16784253240328528,-4.53739409439118
881,1.020359495269903,0.11547053466789417
882,1.7989210354399587,-1.3320862035565166
883,3.0315962720453986,4.78583827617147
884,2.1468886980420816,-0.6862940395556318
885,1.728030376509469,-2.9226507580890173
886,-0.5691091661238512,-2.3751919712974043
887,1.0361738058015155,0.7144712459267634
888,2.390665487203923,-0.9648437780740537
889,1.2726344779617549,1.4643746963573683
890,0.1235994251045569,0.6294753845177521
891,1.2304100199041184,-1.323575889287363
892,2.176287195143363,4.759192755606669
893,1.3258875071411358,2.314048353054365
894,0.6176169473969626,4.053016501677487
895,1.1499951030486837,1.369354111837093
896,2.2248355892257905,3.426191932086588
897,2.164989351851856,1.0097396037375759
898,-0.5615315561949672,-0.9676098652996005
899,0.5575101501245764,1.7231987332887293
900,1.1758239853159156,2.247518750401732
901,0.28229708721183766,3.043356194903697
902,0.9529020128200135,0.044193372650154286
903,-0.7104232828868218,-5.269191948166851
904,0.9633045905648825,-1.5812558590651344
905,1.090034874055745,-0.4072424618311663
906,1.378448329359403,1.106086842557104
907,2.3997291356138737,-2.1984489024886904
908,0.4105441666588019,0.08366384099081026
909,1.501663479252171,-0.04786160463446121
910,-1.1132170013540623,-3.7517676878565474
911,-0.8695621944138212,-1.344857966436194
912,2.179469137710398,2.325188939914999
913,1.1831402227636005,0.6333973969579512
914,1.360288002088871,-2.2642261873129823
915,1.0694871792724974,-2.149338811001463
916,2.0712682271967555,-0.12122425505138024
917,2.372113457810231,0.6344747260561348
918,1.144541683842139,-1.4561549196527501
919,1.0255976119362862,-0.005387197959471877
920,1.5362459752666238,2.142641422541619
921,-0.010397637133001014,-2.606142904228196
922,1.2308188245328116,0.7474415060920505
923,0.20617487944327573,-5.130723541059734
924,1.8474535775069685,0.40686177185883404
925,0.7282396160799621,-1.420143823651665
926,1.6773376413868433,-2.471973062233084
927,1.1147248455661178,1.680078385105603
928,2.1261573548509802,-1.4722424334511768
929,2.890724696963952,3.547349408627924
930,0.23246212598128568,-2.563770260709142
931,0.5699391210950997,1.9958391618451021
932,0.727298754301285,-0.5182788313487511
933,1.4082137938633905,1.8100651099786575
934,1.1259685722014294,0.5237807155787765
935,-1.3184179556396822,-0.04233942444858929
936,0.31713348567400645,-1.577353404977929
937,0.5531354735207064,2.5658437926593587
938,0.6652067904987742,-0.4800543325317499
939,-0.038478289323356174,0.8318348387668044
940,0.7806522089646384,1.5744809464698708
941,0.478557952624855,1.3592274995986688
942,1.3962878674731805,1.5426166935862913
943,3.204645770648611,3.3606712819531825
944,1.9865814440838734,0.2859891742055243
945,1.2022385402076925,-1.4006406880645612
946,-0.45329371204382496,-3.2511816800857103
947,-0.7148612271141139,-5.12443348156228
948,0.7125547800028924,-0.5197455286989583
949,1.4757487218383378,2.482966131922379
950,0.4857246514200374,-1.6519699519922195
951,0.36154965853563514,-0.5307872344454685
952,0.6325945660193377,-3.760719480499907
953,-0.30612287351802014,-3.853858899963029
954,1.1707055159881499,0.7964363495096535
955,-0.5266613140464784,-6.14446069887023
956,1.510156698978575,0.45050356898295024
957,0.22999249436149982,-1.6497444486774249
958,0.16029525867047612,0.0738118201059016
959,0.2857846753004645,-4.074745578855566
960,0.3085343238379862,-1.5823875157309915
961,1.6077710290094709,-1.5000264939317502
962,1.5068192333961639,4.719910184270876
963,0.10054639180903935,1.4931923303969028
964,0.552243065715828,3.7212829081291803
965,-0.27714082986350896,-3.423057723243514
966,0.8142928795761976,0.02308080688333794
967,2.747433473312151,0.8264966133392284
968,-0.10907996734135361,-2.7296264836675075
969,1.5871905723344013,-1.2060539746762924
970,1.5294213508214214,-1.9103430776678785
971,1.5963113325872809,-0.41240601243112973
972,1.0716915086001293,1.397145821035898
973,0.8035372631790615,-2.674547414096676
974,1.6158002603004835,2.6100636798792305
975,-0.18300353592681295,-2.306367418818465
976,0.014552194296544751,-0.24441785169890595
977,-0.22414903677454556,1.127241213569078
978,-0.7241412211503366,-1.0184242174434892
979,2.659625677117285,1.8371626420815637
980,1.683549478129665,2.2409878625721595
981,1.5572678685745052,-1.8892884738152538
982,-1.8290351778744691,-6.393651147166695
983,2.4355446004610872,0.2269700568248778
984,1.384305809936556,2.437748458457581
985,1.6642396609505572,5.360656801796042
986,0.6059585880604015,-3.449580245595347
987,-0.32220019550175927,-5.019280436775832
988,1.3064150693362913,-0.777596427204394
989,1.190623873013751,1.51101790651637
990,1.9000345429093615,0.8761760671261913
991,0.5426978028554681,3.1342058580918204
992,0.5536259373819935,-0.10762847929592229
993,1.9255859279157816,-1.7863313605132738
994,1.7469945713039992,1.1451991434134579
995,1.1862819572919572,1.3709903642117371
996,-0.1731689939841401,-2.9709699259058437
997,1.7890252568042069,2.3643005657329788
998,0.34274641969719966,-0.6088639576827103
999,1.0801270277102841,0.5427859302803154
